dteday,season,yr,mnth,holiday,weekday,workingday,weathersit,temp,atemp,hum,windspeed,casual,registered,cnt
2011-01-01,1,0,1,0,6,0,2,14.110847,14.908624999999999,0.805833,10.749882,331,654,985
2011-01-02,1,0,1,0,0,0,2,14.902598000000001,14.503299000000002,0.696087,16.652113,131,670,801
2011-01-03,1,0,1,0,1,1,1,8.050924,7.765605,0.437273,16.636703,120,1229,1349
2011-01-04,1,0,1,0,2,1,1,8.200000000000001,8.697002,0.590435,10.739832,108,1454,1562
2011-01-05,1,0,1,0,3,1,1,9.305237,9.40007,0.436957,12.522300000000001,82,1518,1600
2011-01-06,1,0,1,0,4,1,1,8.378268,9.561569,0.518261,6.0008684,88,1518,1606
2011-01-07,1,0,1,0,5,1,2,8.057402,8.562399,0.498696,11.304642,148,1362,1510
2011-01-08,1,0,1,0,6,0,2,6.765000000000001,6.652414,0.535833,17.875868,68,891,959
2011-01-09,1,0,1,0,0,0,1,5.671653,4.763175,0.434167,24.25065,54,768,822
2011-01-10,1,0,1,0,1,1,1,6.184153,6.186408,0.482917,14.958889,41,1280,1321
2011-01-11,1,0,1,0,2,1,2,6.9327309999999995,7.8500239999999994,0.686364,8.182844000000001,43,1220,1263
2011-01-12,1,0,1,0,3,1,1,7.0818069999999995,6.5793930000000005,0.599545,20.410009,25,1137,1162
2011-01-13,1,0,1,0,4,1,1,6.765000000000001,6.186203,0.470417,20.166999999999998,38,1368,1406
2011-01-14,1,0,1,0,5,1,1,6.59567,7.724933,0.537826,8.478716,54,1367,1421
2011-01-15,1,0,1,0,6,0,2,9.566653,10.172592,0.49875,10.583521,222,1026,1248
2011-01-16,1,0,1,0,0,0,1,9.498347,9.602897,0.48375,12.625010999999999,251,953,1204
2011-01-17,1,0,1,1,1,0,2,7.209153,7.247611000000001,0.5375,12.999139,117,883,1000
2011-01-18,1,0,1,0,2,1,2,8.883347,9.525653,0.861667,9.833924999999999,9,674,683
2011-01-19,1,0,1,0,3,1,2,11.979134,12.235302,0.741739,13.957239,78,1572,1650
2011-01-20,1,0,1,0,4,1,2,10.728347,10.45705,0.538333,13.125568,83,1844,1927
2011-01-21,1,0,1,0,5,1,1,7.2775,6.471153,0.457083,23.667214,75,1468,1543
2011-01-22,1,0,1,0,6,0,1,2.4243464,3.2418536000000002,0.4,11.52199,93,888,981
2011-01-23,1,0,1,0,0,0,1,3.9573897000000002,4.0524031,0.436522,16.5222,150,836,986
2011-01-24,1,0,1,0,1,1,1,3.9930433,4.8351299999999995,0.491739,10.60811,86,1330,1416
2011-01-25,1,0,1,0,2,1,2,9.162598000000001,9.615566000000001,0.616957,8.696332,186,1799,1985
2011-01-26,1,0,1,0,3,1,3,8.9175,8.3476,0.8625,19.68795,34,472,506
2011-01-27,1,0,1,0,4,1,1,7.995,9.0077,0.6875,7.627078999999999,15,416,431
2011-01-28,1,0,1,0,5,1,2,8.342597999999999,9.155997,0.793043,8.2611,38,1129,1167
2011-01-29,1,0,1,0,6,0,1,8.057402,8.697166000000001,0.651739,9.739455,123,975,1098
2011-01-30,1,0,1,0,0,0,1,8.877402,10.263202,0.722174,4.956834199999999,140,956,1096
2011-01-31,1,0,1,0,1,1,2,7.414153,7.6362499999999995,0.60375,12.541864,42,1459,1501
2011-02-01,1,0,2,0,2,1,2,7.8791340000000005,9.61573,0.829565,3.565271,47,1313,1360
2011-02-02,1,0,2,0,3,1,2,10.66,10.431097,0.775417,17.708636,72,1454,1526
2011-02-03,1,0,2,0,4,1,1,7.665237,7.292998000000001,0.437826,18.609384,61,1489,1550
2011-02-04,1,0,2,0,5,1,2,8.663464,9.372067000000001,0.585217,8.565213,88,1620,1708
2011-02-05,1,0,2,0,6,0,2,9.566653,9.965378,0.929167,10.792293,100,905,1005
2011-02-06,1,0,2,0,0,0,1,11.719153,11.958511000000001,0.568333,9.5006,354,1269,1623
2011-02-07,1,0,2,0,1,1,1,11.138347,12.449978,0.738333,3.0423561,120,1592,1712
2011-02-08,1,0,2,0,2,1,1,9.054153,8.128086,0.537917,24.25065,64,1466,1530
2011-02-09,1,0,2,0,3,1,2,5.526102999999999,5.915603,0.494783,12.652213,53,1552,1605
2011-02-10,1,0,2,0,4,1,1,5.918268,6.131467999999999,0.437391,14.869645,47,1491,1538
2011-02-11,1,0,2,0,5,1,1,7.752731000000001,8.753869,0.506364,7.272849999999999,149,1597,1746
2011-02-12,1,0,2,0,6,0,1,9.1225,9.551114,0.544167,13.625589,288,1184,1472
2011-02-13,1,0,2,0,0,0,1,12.977402000000001,13.288632999999999,0.457391,17.479160999999998,397,1192,1589
2011-02-14,1,0,2,0,1,1,1,17.015,16.332349999999998,0.375833,27.999836,208,1705,1913
2011-02-15,1,0,2,0,2,1,1,10.909567000000001,10.425234,0.314348,19.522058,140,1675,1815
2011-02-16,1,0,2,0,3,1,1,13.048701000000001,12.9642,0.423478,16.869996999999998,218,1897,2115
2011-02-17,1,0,2,0,4,1,1,17.869153,17.574977999999998,0.505,15.416968,259,2216,2475
2011-02-18,1,0,2,0,5,1,1,21.388347,20.991303,0.516667,17.749975000000003,579,2348,2927
2011-02-19,1,0,2,0,6,0,1,16.365847,16.047563999999998,0.187917,34.000021,532,1103,1635
2011-02-20,1,0,2,0,0,0,1,11.693897,11.37053,0.407826,14.956745,639,1173,1812
2011-02-21,1,0,2,1,1,0,2,12.436653000000002,11.647075000000001,0.605,20.625682,195,912,1107
2011-02-22,1,0,2,0,2,1,1,7.471102,7.627353,0.577778,13.110761,74,1376,1450
2011-02-23,1,0,2,0,3,1,1,9.091299,10.074397,0.423043,6.3055710000000005,139,1778,1917
2011-02-24,1,0,2,0,4,1,2,12.121732000000002,11.856831,0.697391,16.783231999999998,100,1707,1807
2011-02-25,1,0,2,0,5,1,2,14.938268,14.368901000000001,0.712174,23.218113,120,1341,1461
2011-02-26,1,0,2,0,6,0,1,11.5825,11.569872,0.537917,12.500257,424,1545,1969
2011-02-27,1,0,2,0,0,0,1,14.082598,14.395469,0.68,8.391615999999999,694,1708,2402
2011-02-28,1,0,2,0,1,1,2,16.698193,16.404837999999998,0.876364,19.408962,81,1365,1446
2011-03-01,1,0,3,0,2,1,1,10.933347,10.819038999999998,0.535,14.500475,137,1714,1851
2011-03-02,1,0,3,0,3,1,1,13.735000000000001,13.122911,0.449583,20.624811,231,1903,2134
2011-03-03,1,0,3,0,4,1,1,8.131653,8.205453,0.318333,15.125518000000001,123,1562,1685
2011-03-04,1,0,3,0,5,1,2,10.728347,10.482839,0.610417,13.624182,214,1730,1944
2011-03-05,1,0,3,0,6,0,2,15.750846999999998,15.529938999999999,0.789167,16.875357,640,1437,2077
2011-03-06,1,0,3,0,0,0,2,15.437402,15.016332,0.948261,23.000229,114,491,605
2011-03-07,1,0,3,0,1,1,1,10.731299,9.776901,0.551304,22.870584,244,1628,1872
2011-03-08,1,0,3,0,2,1,1,11.9925,12.3984,0.420833,8.083549999999999,316,1817,2133
2011-03-09,1,0,3,0,3,1,2,12.129153,11.750927999999998,0.775417,14.750050000000002,191,1700,1891
2011-03-10,1,0,3,0,4,1,3,15.952731,15.812388,0.0,17.545759,46,577,623
2011-03-11,1,0,3,0,5,1,2,12.977402000000001,12.504999999999999,0.649565,15.60899,247,1730,1977
2011-03-12,1,0,3,0,6,0,1,13.495847,13.355749999999999,0.594583,14.791924999999999,724,1408,2132
2011-03-13,1,0,3,0,0,0,1,15.758268000000001,15.583731,0.527391,18.130468,982,1435,2417
2011-03-14,1,0,3,0,1,1,1,13.333896999999999,13.612,0.496957,9.174042,359,1687,2046
2011-03-15,1,0,3,0,2,1,2,13.013031,13.045298,0.655652,12.348703,289,1767,2056
2011-03-16,1,0,3,0,3,1,2,14.973897000000001,15.04413,0.776522,13.608839,321,1871,2192
2011-03-17,1,0,3,0,4,1,1,17.015,16.823653,0.602917,14.041792999999998,424,2320,2744
2011-03-18,1,0,3,0,5,1,1,22.14,21.607369,0.525217,15.478139,884,2355,3239
2011-03-19,1,0,3,0,6,0,1,19.3725,19.127525000000002,0.379167,24.667189,1424,1693,3117
2011-03-20,1,0,3,0,0,0,1,13.6325,13.355749999999999,0.47375,13.917307,1047,1424,2471
2011-03-21,2,0,3,0,1,1,2,17.647835,16.799135,0.737391,19.348461,401,1676,2077
2011-03-22,2,0,3,0,2,1,1,18.108347,18.066322,0.624583,15.125250000000001,460,2243,2703
2011-03-23,2,0,3,0,3,1,2,14.225237,13.855499,0.839565,15.695487,203,1918,2121
2011-03-24,2,0,3,0,4,1,2,11.684999999999999,11.104153,0.805833,16.333729,166,1699,1865
2011-03-25,2,0,3,0,5,1,1,10.830846999999999,10.508792,0.495,15.458575000000002,300,1910,2210
2011-03-26,2,0,3,0,6,0,1,10.899153,10.560411,0.394167,14.041257,981,1515,2496
2011-03-27,2,0,3,0,0,0,2,10.374763000000002,10.263898999999999,0.493913,12.348099999999999,472,1221,1693
2011-03-28,2,0,3,0,1,1,1,10.838268000000001,10.560534,0.302174,14.217668,222,1806,2028
2011-03-29,2,0,3,0,2,1,1,12.4025,12.009228,0.314167,15.208732,317,2108,2425
2011-03-30,2,0,3,0,3,1,2,12.299999999999999,12.19135,0.646667,11.583495999999998,168,1368,1536
2011-03-31,2,0,3,0,4,1,3,11.001653,10.560575,0.918333,14.582282000000001,179,1506,1685
2011-04-01,2,0,4,0,5,1,2,12.299999999999999,11.621614,0.68625,17.333436,307,1920,2227
2011-04-02,2,0,4,0,6,0,2,12.915000000000001,12.941117,0.65375,13.208782,898,1354,2252
2011-04-03,2,0,4,0,0,0,1,15.511652999999999,15.529447000000001,0.48,12.208271000000002,1651,1598,3249
2011-04-04,2,0,4,0,1,1,1,23.506653,22.260089,0.42625,25.833257,734,2381,3115
2011-04-05,2,0,4,0,2,1,2,16.980847,16.332349999999998,0.642083,26.000488999999998,167,1628,1795
2011-04-06,2,0,4,0,3,1,1,16.024153,15.891928,0.470833,17.625221,413,2395,2808
2011-04-07,2,0,4,0,4,1,1,17.9375,17.781536000000003,0.602917,10.874904,571,2570,3141
2011-04-08,2,0,4,0,5,1,2,13.769153,13.303639,0.83625,15.208464,172,1299,1471
2011-04-09,2,0,4,0,6,0,2,14.0425,14.002689000000002,0.8775,8.916561,879,1576,2455
2011-04-10,2,0,4,0,0,0,2,17.493347,17.496216999999998,0.8575,9.833389,1188,1707,2895
2011-04-11,2,0,4,0,1,1,2,24.421732,23.173897,0.716956,21.739758,855,2493,3348
2011-04-12,2,0,4,0,2,1,2,20.6025,20.215214,0.739167,18.416892999999998,257,1777,2034
2011-04-13,2,0,4,0,3,1,2,16.912499999999998,17.108603000000002,0.819167,16.791338999999997,209,1953,2162
2011-04-14,2,0,4,0,4,1,1,19.1675,18.972421999999998,0.540417,7.4169,529,2738,3267
2011-04-15,2,0,4,1,5,0,1,18.313347,18.118433,0.67125,15.167124999999999,642,2484,3126
2011-04-16,2,0,4,0,6,0,3,17.664153000000002,17.445172,0.888333,22.834136,121,674,795
2011-04-17,2,0,4,0,0,0,1,18.723347,18.273536,0.479583,20.334232,1558,2186,3744
2011-04-18,2,0,4,0,1,1,1,21.0125,20.628985999999998,0.5425,10.958988999999999,669,2760,3429
2011-04-19,2,0,4,0,2,1,2,20.739152999999998,20.059578000000002,0.665833,10.584057,409,2795,3204
2011-04-20,2,0,4,0,3,1,1,24.395,23.140072,0.614167,16.208975,613,3331,3944
2011-04-21,2,0,4,0,4,1,1,18.825847,18.609572,0.407083,21.792286,745,3444,4189
2011-04-22,2,0,4,0,5,1,2,13.803347,13.200114000000001,0.729583,14.707906999999999,177,1506,1683
2011-04-23,2,0,4,0,6,0,2,18.86,18.454961,0.887917,15.458575000000002,1462,2574,4036
2011-04-24,2,0,4,0,0,0,2,23.848347,22.622283,0.810833,12.875725000000001,1710,2481,4191
2011-04-25,2,0,4,0,1,1,1,24.873347,23.5545,0.776667,12.417311,773,3300,4073
2011-04-26,2,0,4,0,2,1,1,25.898346999999998,24.357403,0.729167,21.875500000000002,678,3722,4400
2011-04-27,2,0,4,0,3,1,2,25.419999999999998,23.580822,0.835417,20.917399999999997,547,3325,3872
2011-04-28,2,0,4,0,4,1,2,25.317500000000003,23.736089,0.700833,21.500836000000003,569,3489,4058
2011-04-29,2,0,4,0,5,1,1,20.91,20.395983,0.457083,16.084221,878,3717,4595
2011-04-30,2,0,4,0,6,0,1,19.3725,19.024861,0.503333,15.750025,1965,3347,5312
2011-05-01,2,0,5,0,0,0,2,18.518347,18.376364,0.762083,7.125718,1138,2213,3351
2011-05-02,2,0,5,0,1,1,2,22.515846999999997,21.846153,0.73,12.291418,847,3554,4401
2011-05-03,2,0,5,0,2,1,2,25.283347,23.865239,0.697083,22.958689,603,3848,4451
2011-05-04,2,0,5,0,3,1,2,16.980847,16.59065,0.737083,22.042732,255,2378,2633
2011-05-05,2,0,5,0,4,1,1,18.825847,18.118597,0.444167,19.791263999999998,614,3819,4433
2011-05-06,2,0,5,0,5,1,1,19.645847,19.438797,0.59,15.292482,894,3714,4608
2011-05-07,2,0,5,0,6,0,1,21.32,21.017461,0.54125,10.750150000000001,1612,3102,4714
2011-05-08,2,0,5,0,0,0,1,21.661653,21.276253,0.631667,5.0007125,1401,2932,4333
2011-05-09,2,0,5,0,1,1,1,21.8325,21.535086,0.58875,11.792,664,3698,4362
2011-05-10,2,0,5,0,2,1,1,21.8325,21.431561,0.489167,7.749956999999999,694,4109,4803
2011-05-11,2,0,5,0,3,1,1,22.2425,21.6644,0.632917,8.083014,550,3632,4182
2011-05-12,2,0,5,0,4,1,1,21.935000000000002,21.457883000000002,0.7475,12.707689,695,4169,4864
2011-05-13,2,0,5,0,5,1,2,21.0125,20.2663,0.863333,12.041575,692,3413,4105
2011-05-14,2,0,5,0,6,0,2,21.354153,20.525789,0.9225,9.041649999999999,902,2507,3409
2011-05-15,2,0,5,0,0,0,2,23.0625,21.976000000000003,0.867083,10.249593,1582,2971,4553
2011-05-16,2,0,5,0,1,1,1,23.677500000000002,22.570992,0.787917,8.500357000000001,773,3185,3958
2011-05-17,2,0,5,0,2,1,2,23.028347,22.079689000000002,0.837917,18.582718,678,3445,4123
2011-05-18,2,0,5,0,3,1,2,22.55,21.613478,0.87,13.499964,536,3319,3855
2011-05-19,2,0,5,0,4,1,2,21.764153,20.940422,0.829583,7.250271000000001,735,3840,4575
2011-05-20,2,0,5,0,5,1,1,22.003347,21.690722,0.719583,8.375871,909,4008,4917
2011-05-21,2,0,5,0,6,0,1,24.7025,23.450975,0.626667,8.083549999999999,2258,3547,5805
2011-05-22,2,0,5,0,0,0,1,24.770847,23.5545,0.749583,9.916536,1576,3084,4660
2011-05-23,2,0,5,0,1,1,2,25.898346999999998,24.202136000000003,0.81,15.667413999999999,836,3438,4274
2011-05-24,2,0,5,0,2,1,2,27.060000000000002,24.797333000000002,0.740833,13.875164,659,3833,4492
2011-05-25,2,0,5,0,3,1,1,27.094153,25.237222000000003,0.69625,10.333611000000001,740,4238,4978
2011-05-26,2,0,5,0,4,1,1,29.041653,26.842208000000003,0.6775,13.376014,758,3919,4677
2011-05-27,2,0,5,0,5,1,1,27.948347000000002,26.117328,0.65375,16.125493,871,3808,4679
2011-05-28,2,0,5,0,6,0,1,26.889153,25.107539,0.729583,15.416164,2001,2757,4758
2011-05-29,2,0,5,0,0,0,1,27.3675,25.237550000000002,0.81875,14.333846,2355,2433,4788
2011-05-30,2,0,5,1,1,0,1,30.066653000000002,27.514772,0.685,8.792075,1549,2549,4098
2011-05-31,2,0,5,0,2,1,1,31.775000000000002,29.740703,0.636667,7.459042999999999,673,3309,3982
2011-06-01,2,0,6,0,3,1,2,31.330847000000002,29.559647000000002,0.677083,13.875164,513,3461,3974
2011-06-02,2,0,6,0,4,1,1,29.314999999999998,26.401622,0.305,19.583229000000003,736,4232,4968
2011-06-03,2,0,6,0,5,1,1,25.419999999999998,24.072453,0.354167,16.959107,898,4414,5312
2011-06-04,2,0,6,0,6,0,1,26.035,24.382536,0.45625,8.250514,1869,3473,5342
2011-06-05,2,0,6,0,0,0,2,26.581653000000003,25.288964,0.6525,9.292364000000001,1685,3221,4906
2011-06-06,2,0,6,0,1,1,1,27.811653,25.496178,0.6,8.167032,673,3875,4548
2011-06-07,2,0,6,0,2,1,1,29.0075,26.89395,0.597917,12.583136,763,4070,4833
2011-06-08,2,0,6,0,3,1,1,31.809153,29.818439,0.622083,9.166739,676,3725,4401
2011-06-09,2,0,6,0,4,1,2,33.141653,31.060739,0.568333,10.042161,563,3352,3915
2011-06-10,2,0,6,0,5,1,1,30.955000000000002,28.834972,0.605,9.417118,815,3771,4586
2011-06-11,2,0,6,0,6,0,1,29.724999999999998,27.799558,0.654583,10.374949999999998,1729,3237,4966
2011-06-12,2,0,6,0,0,0,1,28.392500000000002,26.376325,0.747917,10.958988999999999,1467,2993,4460
2011-06-13,2,0,6,0,1,1,1,26.035,24.667814,0.494583,20.45845,863,4157,5020
2011-06-14,2,0,6,0,2,1,1,24.770847,24.253386,0.507083,18.041961,727,4164,4891
2011-06-15,2,0,6,0,3,1,1,25.693347,24.097914,0.471667,11.250104,769,4411,5180
2011-06-16,2,0,6,0,4,1,2,25.761653000000003,24.409186000000002,0.688333,13.833556999999999,545,3222,3767
2011-06-17,2,0,6,0,5,1,1,26.615847000000002,24.615703,0.735833,9.582942999999998,863,3981,4844
2011-06-18,2,0,6,0,6,0,1,28.563347,26.402114,0.670417,8.000336,1807,3312,5119
2011-06-19,2,0,6,0,0,0,2,28.665847,26.479686,0.666667,6.834,1639,3105,4744
2011-06-20,2,0,6,0,1,1,2,26.035,24.409186000000002,0.74625,10.416825,699,3311,4010
2011-06-21,3,0,6,0,2,1,2,27.914153000000002,26.143486000000003,0.770417,11.458675000000001,774,4061,4835
2011-06-22,3,0,6,0,3,1,1,30.066653000000002,28.446989000000002,0.7075,11.541554,661,3846,4507
2011-06-23,3,0,6,0,4,1,2,29.861653,28.447153,0.703333,15.999868,746,4044,4790
2011-06-24,3,0,6,0,5,1,1,29.690847,26.919903,0.573333,14.875675,969,4022,4991
2011-06-25,3,0,6,0,6,0,1,28.494999999999997,26.375833,0.483333,14.041257,1782,3420,5202
2011-06-26,3,0,6,0,0,0,1,27.880000000000003,26.142789,0.513333,6.3337311,1920,3385,5305
2011-06-27,3,0,6,0,1,1,2,27.982499999999998,26.117164,0.658333,7.2083960000000005,854,3854,4708
2011-06-28,3,0,6,0,2,1,1,30.510847000000002,28.394878,0.634167,9.666960999999999,732,3916,4648
2011-06-29,3,0,6,0,3,1,1,29.861653,26.842208000000003,0.497917,17.542007,848,4377,5225
2011-06-30,3,0,6,0,4,1,1,28.563347,26.117328,0.434167,12.415904000000001,1027,4488,5515
2011-07-01,3,0,7,0,5,1,1,29.622500000000002,26.738642000000002,0.39625,6.874736,1246,4116,5362
2011-07-02,3,0,7,0,6,0,1,30.271653,27.359628,0.444583,7.709154,2204,2915,5119
2011-07-03,3,0,7,0,0,0,2,29.383347,27.411575000000003,0.6825,15.333486,2282,2367,4649
2011-07-04,3,0,7,1,1,0,2,29.793346999999997,27.282097,0.637917,5.4591064000000005,3065,2978,6043
2011-07-05,3,0,7,0,2,1,1,30.613346999999997,28.549858,0.590417,8.459286,1031,3634,4665
2011-07-06,3,0,7,0,3,1,1,29.52,28.110953000000002,0.743333,10.042161,784,3845,4629
2011-07-07,3,0,7,0,4,1,1,30.75,28.161711,0.65125,10.666400000000001,754,3838,4592
2011-07-08,3,0,7,0,5,1,2,29.075847,27.489803000000002,0.757917,15.083643,692,3348,4040
2011-07-09,3,0,7,0,6,0,1,30.066653000000002,27.230478,0.609167,11.250104,1988,3348,5336
2011-07-10,3,0,7,0,0,0,1,30.6475,28.291025,0.578333,12.292557,1743,3138,4881
2011-07-11,3,0,7,0,1,1,1,31.2625,29.921964,0.635833,18.916579,723,3363,4086
2011-07-12,3,0,7,0,2,1,1,32.560846999999995,30.310275,0.559167,13.417017999999999,662,3596,4258
2011-07-13,3,0,7,0,3,1,1,30.613346999999997,28.265564,0.631667,9.790911000000001,748,3594,4342
2011-07-14,3,0,7,0,4,1,1,27.914153000000002,26.039264,0.47625,16.124689,888,4196,5084
2011-07-15,3,0,7,0,5,1,1,27.196652999999998,25.599211,0.59125,12.249811,1318,4220,5538
2011-07-16,3,0,7,0,6,0,1,28.153347,26.168783,0.585,13.958914,2418,3505,5923
2011-07-17,3,0,7,0,0,0,1,29.485847,27.463153000000002,0.604167,16.417211,2006,3296,5302
2011-07-18,3,0,7,0,1,1,1,30.613346999999997,28.860925,0.65125,14.458867999999999,841,3617,4458
2011-07-19,3,0,7,0,2,1,1,31.843347,30.646639,0.650417,8.7502,752,3789,4541
2011-07-20,3,0,7,0,3,1,1,31.501653,30.62085,0.707083,7.625739,644,3688,4332
2011-07-21,3,0,7,0,4,1,2,33.415,33.881211,0.69125,14.875407,632,3152,3784
2011-07-22,3,0,7,0,5,1,1,34.781653,34.476736,0.580417,8.9177,562,2825,3387
2011-07-23,3,0,7,0,6,0,1,34.815847,32.975767,0.5,8.791807,987,2298,3285
2011-07-24,3,0,7,0,0,0,1,34.03,32.587989,0.550833,11.334456999999999,1050,2556,3606
2011-07-25,3,0,7,0,1,1,1,30.476653000000002,29.559278,0.757083,6.0841560999999995,568,3272,3840
2011-07-26,3,0,7,0,2,1,1,31.638347,28.576139,0.540833,13.417285999999999,750,3840,4590
2011-07-27,3,0,7,0,3,1,1,31.775000000000002,28.317347,0.402917,12.292020999999998,755,3901,4656
2011-07-28,3,0,7,0,4,1,1,31.945847,30.3359,0.583333,11.958093,606,3784,4390
2011-07-29,3,0,7,0,5,1,1,34.371653,32.224647,0.5425,11.667245999999999,670,3176,3846
2011-07-30,3,0,7,0,6,0,1,32.970847,29.870017,0.465833,11.291979,1559,2916,4475
2011-07-31,3,0,7,0,0,0,1,33.039153,29.921636,0.480833,11.042470999999999,1524,2778,4302
2011-08-01,3,0,8,0,1,1,1,31.638347,28.834972,0.550833,10.500039,729,3537,4266
2011-08-02,3,0,8,0,2,1,1,32.116653,28.989911,0.49125,13.79195,801,4044,4845
2011-08-03,3,0,8,0,3,1,2,29.998347,27.877417,0.6575,9.084061,467,3107,3574
2011-08-04,3,0,8,0,4,1,2,29.11,27.256308,0.7575,13.20905,799,3777,4576
2011-08-05,3,0,8,0,5,1,1,29.144153000000003,26.919247000000002,0.630833,12.374632,1023,3843,4866
2011-08-06,3,0,8,0,6,0,2,29.383347,27.722314,0.755,15.29275,1521,2773,4294
2011-08-07,3,0,8,0,0,0,1,30.442500000000003,29.326972,0.752917,13.499629,1298,2487,3785
2011-08-08,3,0,8,0,1,1,1,31.365000000000002,28.834603,0.592083,12.875725000000001,846,3480,4326
2011-08-09,3,0,8,0,2,1,1,31.775000000000002,29.688961,0.570417,10.125107,907,3695,4602
2011-08-10,3,0,8,0,3,1,1,31.433346999999998,28.084303000000002,0.424167,13.417285999999999,884,3896,4780
2011-08-11,3,0,8,0,4,1,1,29.4175,26.712361,0.42375,11.041332,812,3980,4792
2011-08-12,3,0,8,0,5,1,1,29.041653,26.815722,0.415,8.416607,1051,3854,4905
2011-08-13,3,0,8,0,6,0,2,28.119153,26.480178000000002,0.729583,14.167418,1504,2646,4150
2011-08-14,3,0,8,0,0,0,2,27.743347,25.599908000000003,0.8175,14.916411,1338,2482,3820
2011-08-15,3,0,8,0,1,1,1,27.299153,25.262847,0.712083,13.999918,775,3563,4338
2011-08-16,3,0,8,0,2,1,1,28.734153000000003,26.479316999999998,0.578333,15.834043000000001,721,4004,4725
2011-08-17,3,0,8,0,3,1,1,29.656653,27.333511,0.575417,9.625689,668,4026,4694
2011-08-18,3,0,8,0,4,1,1,29.178347000000002,27.152578000000002,0.654583,15.624936,639,3166,3805
2011-08-19,3,0,8,0,5,1,2,28.085,25.962061000000002,0.722917,9.333635999999998,797,3356,4153
2011-08-20,3,0,8,0,6,0,1,28.5975,26.608836,0.674167,6.999289,1914,3277,5191
2011-08-21,3,0,8,0,0,0,1,29.144153000000003,27.696525,0.77,16.666518,1249,2624,3873
2011-08-22,3,0,8,0,1,1,1,28.358347000000002,26.168414,0.47,18.54225,833,3925,4758
2011-08-23,3,0,8,0,2,1,1,26.274153,24.848747,0.455417,9.833121,1281,4614,5895
2011-08-24,3,0,8,0,3,1,1,27.606652999999998,25.858372000000003,0.605,16.958236,949,4181,5130
2011-08-25,3,0,8,0,4,1,2,28.050846999999997,26.480014,0.771667,14.125810999999999,435,3107,3542
2011-08-26,3,0,8,0,5,1,1,28.7,27.049053,0.76125,5.625487499999999,768,3893,4661
2011-08-27,3,0,8,0,6,0,2,27.880000000000003,26.057796,0.85,25.166338999999997,226,889,1115
2011-08-28,3,0,8,0,0,0,1,28.989418999999998,26.566318999999996,0.561765,20.412153,1415,2919,4334
2011-08-29,3,0,8,0,1,1,1,26.103347,24.926278,0.554583,10.708275,729,3905,4634
2011-08-30,3,0,8,0,2,1,1,26.205847000000002,24.382864,0.548333,8.375536,775,4429,5204
2011-08-31,3,0,8,0,3,1,1,26.923347,25.055961,0.597917,5.5833311,688,4370,5058
2011-09-01,3,0,9,0,4,1,1,26.855,25.211761000000003,0.639167,9.500332,783,4332,5115
2011-09-02,3,0,9,0,5,1,2,26.376653,24.797128,0.727083,9.375243,875,3852,4727
2011-09-03,3,0,9,0,6,0,1,27.435847,25.961733000000002,0.716667,12.416775,1935,2549,4484
2011-09-04,3,0,9,0,0,0,1,29.075847,27.282589,0.742083,13.833289,2521,2419,4940
2011-09-05,3,0,9,1,1,0,2,27.606652999999998,25.651486000000002,0.790417,14.250632,1236,2115,3351
2011-09-06,3,0,9,0,2,1,3,22.14,21.1232,0.886957,23.044181,204,2506,2710
2011-09-07,3,0,9,0,3,1,3,24.565847,22.313388999999997,0.917083,6.500393600000001,118,1878,1996
2011-09-08,3,0,9,0,4,1,3,25.990433,22.769801,0.939565,12.914116,153,1689,1842
2011-09-09,3,0,9,0,5,1,2,26.650000000000002,23.736786,0.897917,8.333393000000001,417,3127,3544
2011-09-10,3,0,9,0,6,0,1,27.060000000000002,24.926442,0.75375,10.291736,1750,3595,5345
2011-09-11,3,0,9,0,0,0,1,26.786653,24.978389,0.71375,7.708618,1633,3413,5046
2011-09-12,3,0,9,0,1,1,1,26.418268,24.687330000000003,0.692174,5.957171000000001,690,4023,4713
2011-09-13,3,0,9,0,2,1,1,26.684153,24.745714000000003,0.7125,9.500868,701,4062,4763
2011-09-14,3,0,9,0,3,1,1,27.606652999999998,25.7029,0.697083,11.2091,647,4138,4785
2011-09-15,3,0,9,0,4,1,2,23.677500000000002,22.700511000000002,0.709167,18.166782,428,3231,3659
2011-09-16,3,0,9,0,5,1,2,19.235847,18.920475,0.590417,11.000261,742,4018,4760
2011-09-17,3,0,9,0,6,0,2,20.158347,19.618992,0.718333,12.708225,1434,3077,4511
2011-09-18,3,0,9,0,0,0,1,20.807499999999997,20.112017,0.695,11.958361,1353,2921,4274
2011-09-19,3,0,9,0,1,1,2,22.515846999999997,21.716675,0.69,10.166713999999999,691,3848,4539
2011-09-20,3,0,9,0,2,1,2,23.028347,21.820897000000002,0.88125,9.041917999999999,438,3203,3641
2011-09-21,3,0,9,0,3,1,2,24.395,22.571853,0.9,6.4590814,539,3813,4352
2011-09-22,3,0,9,0,4,1,2,25.761653000000003,22.753483,0.902083,8.584375,555,4240,4795
2011-09-23,4,0,9,0,5,1,2,24.975847,21.407124999999997,0.9725,5.2505689,258,2137,2395
2011-09-24,4,0,9,0,6,0,2,24.873347,23.140892,0.8625,5.2516811,1776,3647,5423
2011-09-25,4,0,9,0,0,0,2,26.000847,23.478116999999997,0.845,3.3754064,1544,3466,5010
2011-09-26,4,0,9,0,1,1,2,26.615847000000002,24.150722,0.848333,7.4169,684,3946,4630
2011-09-27,4,0,9,0,2,1,2,26.103347,23.555525,0.885417,7.917457,477,3643,4120
2011-09-28,4,0,9,0,3,1,2,26.035,23.581477999999997,0.84875,9.958143000000002,480,3427,3907
2011-09-29,4,0,9,0,4,1,1,25.283347,23.554992000000002,0.699167,11.583161,653,4186,4839
2011-09-30,4,0,9,0,5,1,1,23.130847,22.337989,0.6475,13.833825,830,4372,5202
2011-10-01,4,0,10,0,6,0,2,16.81,16.927383,0.75375,19.583832,480,1949,2429
2011-10-02,4,0,10,0,0,0,2,14.623347,14.157997,0.791667,14.874870999999999,616,2302,2918
2011-10-03,4,0,10,0,1,1,2,15.750846999999998,16.073886,0.760833,5.5841686,330,3240,3570
2011-10-04,4,0,10,0,2,1,1,19.850847,19.387178,0.71,13.792218,486,3970,4456
2011-10-05,4,0,10,0,3,1,1,22.071652999999998,21.612658,0.647917,11.87575,559,4267,4826
2011-10-06,4,0,10,0,4,1,1,20.260847000000002,19.697425,0.620833,9.041917999999999,639,4126,4765
2011-10-07,4,0,10,0,5,1,1,20.944153,20.680563999999997,0.684167,1.5002439,949,4036,4985
2011-10-08,4,0,10,0,6,0,1,21.388347,21.042921999999997,0.70125,3.0420814,2235,3174,5409
2011-10-09,4,0,10,0,0,0,1,22.174153,21.483303,0.7275,4.251150000000001,2397,3114,5511
2011-10-10,4,0,10,1,1,0,1,23.404153,22.259925,0.73375,2.8343814,1514,3603,5117
2011-10-11,4,0,10,0,2,1,2,23.233347000000002,22.389936000000002,0.80875,9.583814,667,3896,4563
2011-10-12,4,0,10,0,3,1,3,22.276653,21.226397,0.90625,16.62605,217,2199,2416
2011-10-13,4,0,10,0,4,1,2,24.155847,22.623963999999997,0.896667,9.499729,290,2623,2913
2011-10-14,4,0,10,0,5,1,2,22.584153,21.716675,0.71625,15.000161,529,3115,3644
2011-10-15,4,0,10,0,6,0,1,20.773346999999998,20.447725,0.483333,17.291561,1899,3318,5217
2011-10-16,4,0,10,0,0,0,1,20.978347,20.629314,0.486667,18.875039,1748,3293,5041
2011-10-17,4,0,10,0,1,1,1,21.900847,20.939725,0.579583,11.750393,713,3857,4570
2011-10-18,4,0,10,0,2,1,2,21.8325,21.431561,0.701667,7.375829,637,4111,4748
2011-10-19,4,0,10,0,3,1,3,22.211299,21.067767999999997,0.895217,16.303713,254,2170,2424
2011-10-20,4,0,10,0,4,1,1,19.509153,19.127525000000002,0.63625,28.292425,471,3724,4195
2011-10-21,4,0,10,0,5,1,1,17.5275,17.367435999999998,0.574167,14.833532,676,3628,4304
2011-10-22,4,0,10,0,6,0,1,17.322499999999998,17.445172,0.629167,6.2086689,1499,2809,4308
2011-10-23,4,0,10,0,0,0,1,17.288347,17.315653,0.74125,6.6673375,1619,2762,4381
2011-10-24,4,0,10,0,1,1,1,18.996653,18.739747,0.772083,7.959064,699,3488,4187
2011-10-25,4,0,10,0,2,1,1,19.338347,18.998375,0.622917,11.166086,695,3992,4687
2011-10-26,4,0,10,0,3,1,2,19.850847,19.386686,0.720417,9.959014,404,3490,3894
2011-10-27,4,0,10,0,4,1,2,19.27,18.738886,0.812917,13.250121,240,2419,2659
2011-10-28,4,0,10,0,5,1,2,13.564153,13.071292,0.585833,15.375093,456,3291,3747
2011-10-29,4,0,10,0,6,0,3,10.420846999999998,9.344433,0.8825,23.541857,57,570,627
2011-10-30,4,0,10,0,0,0,1,13.085847,13.174489,0.62375,11.833339,885,2446,3331
2011-10-31,4,0,10,0,1,1,1,13.940000000000001,14.598583000000001,0.703333,7.12545,362,3307,3669
2011-11-01,4,0,11,0,2,1,1,16.434153,16.280608,0.68375,9.083257,410,3658,4068
2011-11-02,4,0,11,0,3,1,1,15.477500000000001,15.995453,0.71875,5.5001439,370,3816,4186
2011-11-03,4,0,11,0,4,1,1,16.741653,16.642761,0.702083,9.166739,318,3656,3974
2011-11-04,4,0,11,0,5,1,2,16.536653,16.539071999999997,0.6225,18.209193,470,3576,4046
2011-11-05,4,0,11,0,6,0,1,13.393346999999999,13.278013999999999,0.519167,12.667154,1156,2770,3926
2011-11-06,4,0,11,0,0,0,1,14.281653,14.856678,0.734583,6.1676314,952,2697,3649
2011-11-07,4,0,11,0,1,1,1,16.195,16.435710999999998,0.75875,3.834075,373,3662,4035
2011-11-08,4,0,11,0,2,1,1,16.741653,16.902086,0.721667,4.6255125,376,3829,4205
2011-11-09,4,0,11,0,3,1,1,16.400000000000002,16.772239000000003,0.758333,4.1671186,305,3804,4109
2011-11-10,4,0,11,0,4,1,2,15.58,15.322561,0.813333,12.667489000000002,190,2743,2933
2011-11-11,4,0,11,1,5,0,1,13.290847,12.579497,0.44625,21.083225,440,2928,3368
2011-11-12,4,0,11,0,6,0,1,14.623347,14.675621999999999,0.552917,14.208154,1275,2792,4067
2011-11-13,4,0,11,0,0,0,1,18.074153,17.652549999999998,0.458333,18.875307,1004,2713,3717
2011-11-14,4,0,11,0,1,1,1,21.73,21.509092,0.587083,20.541932,595,3891,4486
2011-11-15,4,0,11,0,2,1,2,21.73,20.810739,0.68875,13.375411,449,3746,4195
2011-11-16,4,0,11,0,3,1,3,18.723347,18.531508,0.93,9.167543,145,1672,1817
2011-11-17,4,0,11,0,4,1,2,14.008347,13.252061,0.575833,20.459254,139,2914,3053
2011-11-18,4,0,11,0,5,1,1,11.240847,11.181561,0.41,11.291711,245,3147,3392
2011-11-19,4,0,11,0,6,0,1,13.495847,13.303803,0.502083,15.041232,943,2720,3663
2011-11-20,4,0,11,0,0,0,2,18.996653,18.739378000000002,0.684583,12.45865,787,2733,3520
2011-11-21,4,0,11,0,1,1,3,18.3475,18.247542,0.91,9.249618,220,2545,2765
2011-11-22,4,0,11,0,2,1,3,17.083347,17.289536000000002,0.9625,7.959064,69,1538,1607
2011-11-23,4,0,11,0,3,1,2,18.074153,17.652017,0.757917,22.500275,112,2454,2566
2011-11-24,4,0,11,1,4,0,1,15.306653,15.271311,0.549167,11.209368000000001,560,935,1495
2011-11-25,4,0,11,0,5,1,1,15.375,15.607510999999999,0.64375,6.6260186,1095,1697,2792
2011-11-26,4,0,11,0,6,0,1,15.409152999999998,15.788567,0.681667,4.5841936,1249,1819,3068
2011-11-27,4,0,11,0,0,0,1,18.825847,18.6878,0.698333,13.999918,810,2261,3071
2011-11-28,4,0,11,0,1,1,1,20.642598,20.095002,0.743043,9.522174,253,3614,3867
2011-11-29,4,0,11,0,2,1,2,18.791653,18.506375000000002,0.830833,17.292164,96,2818,2914
2011-11-30,4,0,11,0,3,1,1,13.325000000000001,12.760061,0.613333,18.167586,188,3425,3613
2011-12-01,4,0,12,0,4,1,1,12.8125,12.527714,0.524583,14.750586,182,3545,3727
2011-12-02,4,0,12,0,5,1,1,12.880847,13.588752999999999,0.625833,6.750518,268,3672,3940
2011-12-03,4,0,12,0,6,0,1,12.265847,12.734764,0.612917,6.4174811,706,2908,3614
2011-12-04,4,0,12,0,0,0,1,13.564153,14.3131,0.775833,5.6252061,634,2851,3485
2011-12-05,4,0,12,0,1,1,2,15.819153,16.150925,0.827083,4.1679561000000005,233,3578,3811
2011-12-06,4,0,12,0,2,1,3,18.962500000000002,18.7124,0.949583,15.583061,126,2468,2594
2011-12-07,4,0,12,0,3,1,3,16.81,16.410086,0.970417,17.833725,50,655,705
2011-12-08,4,0,12,0,4,1,1,10.899153,10.534458,0.58,16.083886,150,3172,3322
2011-12-09,4,0,12,0,5,1,1,11.924153,13.019222,0.695833,5.5420189,261,3359,3620
2011-12-10,4,0,12,0,6,0,1,11.275,10.922892,0.5075,15.625807,502,2688,3190
2011-12-11,4,0,12,0,0,0,1,9.054153,10.379313999999999,0.49,4.458293899999999,377,2366,2743
2011-12-12,4,0,12,0,1,1,1,9.771652999999999,11.078035999999999,0.670833,4.251150000000001,143,3167,3310
2011-12-13,4,0,12,0,2,1,1,11.5825,12.346658000000001,0.59,9.41685,155,3368,3523
2011-12-14,4,0,12,0,3,1,2,13.0175,13.872842,0.66375,4.0842061,178,3562,3740
2011-12-15,4,0,12,0,4,1,2,17.322499999999998,16.901717,0.634167,17.958814,181,3528,3709
2011-12-16,4,0,12,0,5,1,2,15.375,14.752825,0.500417,17.458525,178,3399,3577
2011-12-17,4,0,12,0,6,0,2,10.591652999999999,10.224211,0.560833,16.292189,275,2464,2739
2011-12-18,4,0,12,0,0,0,1,9.771652999999999,10.068738999999999,0.58625,11.375193000000001,220,2211,2431
2011-12-19,4,0,12,0,1,1,1,11.343347,11.518253,0.6375,11.584031999999999,260,3143,3403
2011-12-20,4,0,12,0,2,1,2,15.819153,16.254614,0.595417,4.1252436,216,3534,3750
2011-12-21,1,0,12,0,3,1,2,17.561653,17.548697,0.858333,14.8338,107,2553,2660
2011-12-22,1,0,12,0,4,1,2,17.356653,17.470961000000003,0.7575,3.1674249999999997,227,2841,3068
2011-12-23,1,0,12,0,5,1,1,15.306653,15.478033,0.68625,18.374482,163,2046,2209
2011-12-24,1,0,12,0,6,0,1,12.4025,12.268922,0.5425,12.750368,155,856,1011
2011-12-25,1,0,12,0,0,0,1,11.266103,11.478401,0.681304,10.391097,303,451,754
2011-12-26,1,0,12,1,1,0,1,13.191299,12.936935,0.506957,16.044155,430,887,1317
2011-12-27,1,0,12,0,2,1,2,13.325000000000001,13.432953,0.7625,12.62615,103,1059,1162
2011-12-28,1,0,12,0,3,1,1,12.264330000000001,11.478934,0.503913,19.695386999999997,255,2047,2302
2011-12-29,1,0,12,0,4,1,1,10.181653,10.819572,0.574167,8.000604000000001,254,2169,2423
2011-12-30,1,0,12,0,5,1,1,12.778347000000002,13.071292,0.636667,9.000579,491,2508,2999
2011-12-31,1,0,12,0,6,0,1,16.81,16.978961,0.615833,14.750318,665,1820,2485
2012-01-01,1,1,1,0,0,0,1,15.17,15.400461,0.6925,12.875189,686,1608,2294
2012-01-02,1,1,1,1,1,0,1,11.194763,10.344463999999999,0.381304,22.087555,244,1707,1951
2012-01-03,1,1,1,0,2,1,1,6.1499999999999995,5.177275,0.44125,24.499957000000002,89,2147,2236
2012-01-04,1,1,1,0,3,1,2,4.4075,4.892817,0.414583,12.3749,95,2273,2368
2012-01-05,1,1,1,0,4,1,1,10.899153,11.414892,0.524167,8.709128999999999,140,3132,3272
2012-01-06,1,1,1,0,5,1,1,13.700847,13.950947,0.542083,11.249836,307,3791,4098
2012-01-07,1,1,1,0,6,0,1,16.126653,16.021939,0.531667,11.708786,1070,3451,4521
2012-01-08,1,1,1,0,0,0,1,13.8375,13.950578,0.465,12.833314,599,2826,3425
2012-01-09,1,1,1,0,1,1,2,9.190847,10.146639,0.701667,6.6263000000000005,106,2270,2376
2012-01-10,1,1,1,0,2,1,1,12.656536000000001,13.071866,0.646522,12.565984,173,3425,3598
2012-01-11,1,1,1,0,3,1,2,11.240847,11.595661,0.8475,8.791807,92,2085,2177
2012-01-12,1,1,1,0,4,1,2,15.682500000000001,15.659458,0.802917,12.124789,269,3828,4097
2012-01-13,1,1,1,0,5,1,1,11.240847,10.223842,0.5075,25.333236,174,3040,3214
2012-01-14,1,1,1,0,6,0,1,7.38,7.506567,0.4575,12.541260999999999,333,2160,2493
2012-01-15,1,1,1,0,0,0,1,6.833347000000001,6.626625,0.419167,16.834286,284,2027,2311
2012-01-16,1,1,1,1,1,0,1,7.79,7.817183,0.5225,15.500986000000001,217,2081,2298
2012-01-17,1,1,1,0,2,1,2,15.294763,14.935398,0.716087,23.39171,127,2808,2935
2012-01-18,1,1,1,0,3,1,1,12.436653000000002,11.285414,0.443333,27.833743,109,3267,3376
2012-01-19,1,1,1,0,4,1,1,7.79,7.791558,0.4975,14.750586,130,3162,3292
2012-01-20,1,1,1,0,5,1,2,8.9175,9.059277999999999,0.45,13.58425,115,3048,3163
2012-01-21,1,1,1,0,6,0,2,7.106653,7.169875,0.83125,14.917014,67,1234,1301
2012-01-22,1,1,1,0,0,0,2,6.6625000000000005,6.65225,0.79625,13.375746000000001,196,1781,1977
2012-01-23,1,1,1,0,1,1,2,8.951653,9.965378,0.91125,7.417436,145,2287,2432
2012-01-24,1,1,1,0,2,1,1,14.0425,14.313427999999998,0.835833,8.292389,439,3900,4339
2012-01-25,1,1,1,0,3,1,1,12.060847,12.087661,0.64375,10.791756999999999,467,3803,4270
2012-01-26,1,1,1,0,4,1,2,14.008347,14.598049999999999,0.769583,4.9175186,244,3831,4075
2012-01-27,1,1,1,0,5,1,2,17.425,17.030703,0.74125,22.958689,269,3187,3456
2012-01-28,1,1,1,0,6,0,1,12.949152999999999,13.381538999999998,0.543333,14.125542999999999,775,3248,4023
2012-01-29,1,1,1,0,0,0,1,11.5825,11.181561,0.31125,16.08335,558,2685,3243
2012-01-30,1,1,1,0,1,1,1,11.035847,10.767625,0.400833,14.458064,126,3498,3624
2012-01-31,1,1,1,0,2,1,1,15.99,15.633997,0.416667,17.541739,324,4185,4509
2012-02-01,1,1,2,0,3,1,1,19.235847,19.128058,0.507917,12.667489000000002,304,4275,4579
2012-02-02,1,1,2,0,4,1,2,16.365847,16.357811,0.672917,12.541528999999999,190,3571,3761
2012-02-03,1,1,2,0,5,1,1,12.846652999999998,12.683186000000001,0.526667,11.959232,310,3841,4151
2012-02-04,1,1,2,0,6,0,2,10.830846999999999,11.181725,0.779583,8.167032,384,2448,2832
2012-02-05,1,1,2,0,0,0,2,10.899153,10.845361,0.687917,11.791732000000001,318,2629,2947
2012-02-06,1,1,2,0,1,1,1,11.586969,12.153466000000002,0.622174,10.304599999999999,206,3578,3784
2012-02-07,1,1,2,0,2,1,1,14.520847,14.805264,0.49625,9.874393000000001,199,4176,4375
2012-02-08,1,1,2,0,3,1,2,10.523347,10.923261,0.722917,8.959307,109,2693,2802
2012-02-09,1,1,2,0,4,1,1,10.865,10.741508,0.562083,13.000478999999999,163,3667,3830
2012-02-10,1,1,2,0,5,1,2,11.514153,12.035878,0.54,7.834243000000001,227,3604,3831
2012-02-11,1,1,2,0,6,0,3,9.190847,8.645547,0.73125,19.416332,192,1977,2169
2012-02-12,1,1,2,0,0,0,1,5.2275,4.167978,0.464583,27.417204,73,1456,1529
2012-02-13,1,1,2,0,1,1,1,9.1225,9.344433,0.41125,11.207961,94,3328,3422
2012-02-14,1,1,2,0,2,1,2,13.085847,13.691786,0.50875,9.458993,135,3787,3922
2012-02-15,1,1,2,0,3,1,1,14.281653,14.416789000000001,0.53125,12.167200000000001,141,4028,4169
2012-02-16,1,1,2,0,4,1,2,12.983346999999998,13.536642,0.752917,6.125475000000001,74,2931,3005
2012-02-17,1,1,2,0,5,1,1,14.076653,14.416789000000001,0.634583,13.791682,349,3805,4154
2012-02-18,1,1,2,0,6,0,1,14.213347,14.572424999999999,0.534583,12.792243,1435,2883,4318
2012-02-19,1,1,2,0,0,0,2,11.48,10.897308,0.515833,16.958504,618,2071,2689
2012-02-20,1,1,2,1,1,0,1,11.48,11.209031,0.507826,15.348561,502,2627,3129
2012-02-21,1,1,2,0,2,1,1,11.800866000000001,12.099633,0.594348,13.783039,163,3614,3777
2012-02-22,1,1,2,0,3,1,1,16.229153,16.099346999999998,0.567917,15.709557,394,4379,4773
2012-02-23,1,1,2,0,4,1,1,18.620846999999998,18.222286,0.554583,12.791171,516,4546,5062
2012-02-24,1,1,2,0,5,1,2,16.7075,16.849811,0.7375,15.916989,246,3241,3487
2012-02-25,1,1,2,0,6,0,1,11.924153,10.482674999999999,0.395833,28.250014,317,2415,2732
2012-02-26,1,1,2,0,0,0,1,11.445847,11.000627999999999,0.41,13.750342999999999,515,2874,3389
2012-02-27,1,1,2,0,1,1,1,15.033347000000001,14.676114,0.490833,17.958211000000002,253,4069,4322
2012-02-28,1,1,2,0,2,1,1,14.725847,14.494525,0.395833,12.958939,229,4134,4363
2012-02-29,1,1,2,0,3,1,2,14.118267999999999,14.28727,0.804783,12.000839,65,1769,1834
2012-03-01,1,1,3,0,4,1,1,19.919153,19.490211,0.615417,15.208129,325,4665,4990
2012-03-02,1,1,3,0,5,1,2,14.486653,14.753522,0.657083,9.708568,246,2948,3194
2012-03-03,1,1,3,0,6,0,2,16.980847,16.953172000000002,0.62125,10.792293,956,3110,4066
2012-03-04,1,1,3,0,0,0,1,13.359153,12.423860999999999,0.403333,22.416257,710,2713,3423
2012-03-05,1,1,3,0,1,1,1,9.976652999999999,9.888011,0.50625,15.333486,203,3130,3333
2012-03-06,1,1,3,0,2,1,1,10.591652999999999,10.456722,0.456667,13.458625,221,3735,3956
2012-03-07,1,1,3,0,3,1,1,16.570847,15.7891,0.513333,23.167193,432,4484,4916
2012-03-08,1,1,3,0,4,1,1,21.627499999999998,21.508764,0.5675,29.584721,486,4896,5382
2012-03-09,1,1,3,0,5,1,2,16.844153,16.280403,0.407083,27.7916,447,4122,4569
2012-03-10,1,1,3,0,6,0,1,11.7875,11.388447,0.350417,15.125250000000001,968,3150,4118
2012-03-11,1,1,3,0,0,0,1,14.831299,14.74647,0.476957,14.913329000000001,1658,3253,4911
2012-03-12,1,1,3,0,1,1,1,19.133347,18.843272,0.489167,13.916771,838,4460,5298
2012-03-13,1,1,3,0,2,1,1,23.165,22.260089,0.6175,15.87565,762,5085,5847
2012-03-14,1,1,3,0,3,1,1,23.4725,22.493297000000002,0.507083,7.709154,997,5315,6312
2012-03-15,1,1,3,0,4,1,1,22.857499999999998,21.845825,0.579583,10.042161,1005,5187,6192
2012-03-16,1,1,3,0,5,1,2,17.869153,17.885389,0.842083,7.583864,548,3830,4378
2012-03-17,1,1,3,0,6,0,2,21.080847000000002,20.706886,0.755833,7.417168,3155,4681,7836
2012-03-18,1,1,3,0,0,0,2,19.3725,19.024,0.81,8.501161,2207,3685,5892
2012-03-19,1,1,3,0,1,1,1,22.345000000000002,21.845661,0.72875,10.875238999999999,982,5171,6153
2012-03-20,1,1,3,0,2,1,1,22.994153,22.079853,0.807917,8.125157,1051,5042,6093
2012-03-21,2,1,3,0,3,1,2,21.798347,21.043578,0.82125,6.000406099999999,1122,5108,6230
2012-03-22,2,1,3,0,4,1,1,22.720847,21.794247000000002,0.83125,7.876654,1334,5537,6871
2012-03-23,2,1,3,0,5,1,2,24.668346999999997,23.372747,0.694167,7.7921000000000005,2469,5893,8362
2012-03-24,2,1,3,0,6,0,2,20.6025,19.956053,0.885417,12.916461,1033,2339,3372
2012-03-25,2,1,3,0,0,0,2,17.9375,17.937008,0.880833,14.791924999999999,1532,3464,4996
2012-03-26,2,1,3,0,1,1,1,18.279153,17.98875,0.477917,25.917007,795,4763,5558
2012-03-27,2,1,3,0,2,1,1,13.256653,12.941813999999999,0.29,12.541864,531,4571,5102
2012-03-28,2,1,3,0,3,1,1,19.850847,19.30895,0.48125,19.541957,674,5024,5698
2012-03-29,2,1,3,0,4,1,1,20.260847000000002,19.774464000000002,0.439167,21.41655,834,5299,6133
2012-03-30,2,1,3,0,5,1,2,15.17,15.400461,0.580833,9.250489,796,4663,5459
2012-03-31,2,1,3,0,6,0,2,17.390847,17.290028,0.738333,16.791338999999997,2301,3934,6235
2012-04-01,2,1,4,0,0,0,2,17.459153,17.108767,0.67625,11.541889,2347,3694,6041
2012-04-02,2,1,4,0,1,1,1,17.790433,17.528033,0.504348,20.913313,1208,4728,5936
2012-04-03,2,1,4,0,2,1,1,19.133347,18.920803,0.396667,6.708911,1348,5424,6772
2012-04-04,2,1,4,0,3,1,1,22.208347,21.87145,0.469583,12.125325,1058,5378,6436
2012-04-05,2,1,4,0,4,1,1,17.835,17.677683000000002,0.374167,14.708443,1192,5265,6457
2012-04-06,2,1,4,0,5,1,1,16.536653,16.021447,0.377083,20.125996,1807,4653,6460
2012-04-07,2,1,4,0,6,0,1,17.9375,17.471289,0.254167,18.416356999999998,3252,3605,6857
2012-04-08,2,1,4,0,0,0,1,20.5,20.189425,0.275833,15.583931999999999,2230,2939,5169
2012-04-09,2,1,4,0,1,1,1,20.055847,19.542158,0.3175,23.999132,905,4680,5585
2012-04-10,2,1,4,0,2,1,1,18.313347,17.885552999999998,0.435,16.708125000000003,819,5099,5918
2012-04-11,2,1,4,0,3,1,1,14.296536,13.828234,0.469565,19.783358,482,4380,4862
2012-04-12,2,1,4,0,4,1,1,16.2975,15.891764,0.46625,19.458743,663,4746,5409
2012-04-13,2,1,4,0,5,1,1,18.142500000000002,17.704128,0.408333,10.416557,1252,5146,6398
2012-04-14,2,1,4,0,6,0,1,20.294999999999998,20.007836,0.502917,12.791439,2795,4665,7460
2012-04-15,2,1,4,0,0,0,1,24.873347,23.528875,0.507917,15.083643,2846,4286,7132
2012-04-16,2,1,4,1,1,0,1,27.230846999999997,25.211925,0.561667,19.083543,1198,5172,6370
2012-04-17,2,1,4,0,2,1,1,24.941653000000002,24.537967,0.390417,18.333143,989,5702,6691
2012-04-18,2,1,4,0,3,1,2,18.996653,18.738558,0.569167,11.250104,347,4020,4367
2012-04-19,2,1,4,0,4,1,1,20.431653,20.214886,0.6125,4.417256399999999,846,5719,6565
2012-04-20,2,1,4,0,5,1,1,21.593347,21.146774999999998,0.694583,10.041357,1340,5950,7290
2012-04-21,2,1,4,0,6,0,1,23.369999999999997,22.259761,0.682917,19.000328999999997,2541,4083,6624
2012-04-22,2,1,4,0,0,0,3,16.263347,15.969664,0.835417,23.084582,120,907,1027
2012-04-23,2,1,4,0,1,1,2,13.188346999999998,12.346124999999999,0.766667,20.334232,195,3019,3214
2012-04-24,2,1,4,0,2,1,1,16.946653,16.616603,0.454167,16.708661,518,5115,5633
2012-04-25,2,1,4,0,3,1,1,19.543347,19.282996999999998,0.427917,7.959064,655,5541,6196
2012-04-26,2,1,4,0,4,1,2,20.431653,19.826902999999998,0.756667,11.833875,475,4551,5026
2012-04-27,2,1,4,0,5,1,1,18.7575,18.558117,0.400833,23.291411,1014,5219,6233
2012-04-28,2,1,4,0,6,0,2,15.443347,15.477664,0.489583,8.708325,1120,3100,4220
2012-04-29,2,1,4,0,0,0,1,18.791653,18.454961,0.587083,7.8328359999999995,2229,4075,6304
2012-04-30,2,1,4,0,1,1,2,19.030847,18.765536,0.57,11.499746,665,4907,5572
2012-05-01,2,1,5,0,2,1,2,25.146653,23.657861,0.659583,10.458432,653,5087,5740
2012-05-02,2,1,5,0,3,1,1,23.130847,22.053736,0.797083,9.249885999999998,667,5502,6169
2012-05-03,2,1,5,0,4,1,2,22.96,22.026922,0.768333,8.957632,764,5657,6421
2012-05-04,2,1,5,0,5,1,1,25.7275,24.227597,0.735417,10.916846,1069,5227,6296
2012-05-05,2,1,5,0,6,0,2,25.488346999999997,23.968928000000002,0.756667,10.250464,2496,4387,6883
2012-05-06,2,1,5,0,0,0,2,23.0625,22.416217,0.74,10.041893,2135,4224,6359
2012-05-07,2,1,5,0,1,1,2,22.037499999999998,21.612822,0.664167,15.458307000000001,1008,5265,6273
2012-05-08,2,1,5,0,2,1,2,23.848347,22.856311,0.685833,19.833942999999998,738,4990,5728
2012-05-09,2,1,5,0,3,1,2,23.575,22.674025,0.744167,14.499604,620,4097,4717
2012-05-10,2,1,5,0,4,1,1,20.739152999999998,20.163103,0.552083,21.042220999999998,1026,5546,6572
2012-05-11,2,1,5,0,5,1,1,21.866653,21.354153,0.360417,15.874779,1319,5711,7030
2012-05-12,2,1,5,0,6,0,1,23.130847,22.337497,0.480417,8.249911,2622,4807,7429
2012-05-13,2,1,5,0,0,0,1,25.1125,23.994758,0.57625,15.082839,2172,3946,6118
2012-05-14,2,1,5,0,1,1,2,23.506653,22.545900000000003,0.789583,14.250364,342,2501,2843
2012-05-15,2,1,5,0,2,1,2,25.078346999999997,23.632564000000002,0.794583,9.875264,625,4490,5115
2012-05-16,2,1,5,0,3,1,1,26.103347,24.434975,0.697917,8.208304,991,6433,7424
2012-05-17,2,1,5,0,4,1,1,24.326653,23.477133000000002,0.52,15.374825000000001,1242,6142,7384
2012-05-18,2,1,5,0,5,1,1,23.130847,22.595961,0.523333,9.166739,1521,6118,7639
2012-05-19,2,1,5,0,6,0,1,24.599999999999998,23.243228,0.45625,5.626325,3410,4884,8294
2012-05-20,2,1,5,0,0,0,1,25.454152999999998,23.942647,0.530417,17.042589,2704,4425,7129
2012-05-21,2,1,5,0,1,1,2,24.531653,23.192347,0.81125,15.624668,630,3729,4359
2012-05-22,2,1,5,0,2,1,2,25.215,23.813825,0.765833,7.917189,819,5254,6073
2012-05-23,2,1,5,0,3,1,2,25.488346999999997,23.969092,0.774583,6.834,766,4494,5260
2012-05-24,2,1,5,0,4,1,1,26.855,24.8747,0.716667,11.584031999999999,1059,5711,6770
2012-05-25,2,1,5,0,5,1,1,27.880000000000003,25.728689,0.747083,9.41685,1417,5317,6734
2012-05-26,2,1,5,0,6,0,1,28.392500000000002,26.350536,0.7325,13.332464,2855,3681,6536
2012-05-27,2,1,5,0,0,0,1,28.29,26.298425,0.697083,14.416457,3283,3308,6591
2012-05-28,2,1,5,1,1,0,1,29.212500000000002,27.851300000000002,0.67625,13.166907,2557,3486,6043
2012-05-29,2,1,5,0,2,1,1,29.622500000000002,27.592672,0.684583,19.7918,880,4863,5743
2012-05-30,2,1,5,0,3,1,2,26.923347,25.056289,0.67,9.000043,745,6110,6855
2012-05-31,2,1,5,0,4,1,1,27.880000000000003,25.884489000000002,0.492917,13.083693,1100,6238,7338
2012-06-01,2,1,6,0,5,1,2,26.820847,24.926442,0.755417,15.916720999999999,533,3594,4127
2012-06-02,2,1,6,0,6,0,1,23.916653,23.217808,0.549167,12.499654,2795,5325,8120
2012-06-03,2,1,6,0,0,0,1,24.7025,23.580453,0.493333,12.333829,2494,5147,7641
2012-06-04,2,1,6,0,1,1,1,24.497500000000002,23.709603,0.487083,19.083811,1071,5927,6998
2012-06-05,2,1,6,0,2,1,2,22.174153,21.561572,0.613333,14.041525,968,6033,7001
2012-06-06,2,1,6,0,3,1,1,22.720847,22.233972,0.61125,5.167375,1027,6028,7055
2012-06-07,2,1,6,0,4,1,1,24.7025,23.347122,0.567083,10.542449999999999,1038,6456,7494
2012-06-08,2,1,6,0,5,1,1,26.615847000000002,24.512342,0.467917,11.750661000000001,1488,6248,7736
2012-06-09,2,1,6,0,6,0,1,29.144153000000003,26.583047,0.437083,9.667229,2708,4790,7498
2012-06-10,2,1,6,0,0,0,1,29.793346999999997,27.204197,0.538333,8.959307,2224,4374,6598
2012-06-11,2,1,6,0,1,1,2,29.554153,27.048561,0.587917,13.916771,1017,5647,6664
2012-06-12,2,1,6,0,2,1,2,26.786653,24.512875,0.833333,14.374581999999998,477,4495,4972
2012-06-13,2,1,6,0,3,1,1,26.889153,25.055797000000002,0.582083,22.999693,1173,6248,7421
2012-06-14,2,1,6,0,4,1,1,26.581653000000003,25.599703,0.569583,17.000111,1180,6183,7363
2012-06-15,2,1,6,0,5,1,1,26.205847000000002,24.589914,0.589583,11.833339,1563,6102,7665
2012-06-16,2,1,6,0,6,0,1,25.898346999999998,24.383028,0.504167,11.166689,2963,4739,7702
2012-06-17,2,1,6,0,0,0,1,24.2925,23.450975,0.59875,9.708568,2634,4344,6978
2012-06-18,2,1,6,0,1,1,2,23.301652999999998,22.338522,0.777917,11.707982000000001,653,4446,5099
2012-06-19,2,1,6,0,2,1,1,28.221653,26.842372,0.69,9.917139,968,5857,6825
2012-06-20,2,1,6,0,3,1,1,32.082499999999996,29.559975,0.592083,7.625404,872,5339,6211
2012-06-21,3,1,6,0,4,1,1,33.039153,30.854222,0.567917,7.958729,778,5127,5905
2012-06-22,3,1,6,0,5,1,1,31.877499999999998,29.688961,0.57375,12.250414000000001,964,4859,5823
2012-06-23,3,1,6,0,6,0,1,29.998347,26.764472,0.534583,12.041307,2657,4801,7458
2012-06-24,3,1,6,0,0,0,1,30.476653000000002,27.644414,0.479167,9.750174999999999,2551,4340,6891
2012-06-25,3,1,6,0,1,1,1,29.349153,26.815722,0.504167,20.125661,1139,5640,6779
2012-06-26,3,1,6,0,2,1,1,25.864152999999998,24.382864,0.373333,23.292014,1077,6365,7442
2012-06-27,3,1,6,0,3,1,1,28.5975,26.272472,0.36,18.208925,1077,6258,7335
2012-06-28,3,1,6,0,4,1,1,30.715847,27.695992,0.4225,11.50055,921,5958,6879
2012-06-29,3,1,6,0,5,1,1,34.200847,32.251133,0.48875,11.082939000000001,829,4634,5463
2012-06-30,3,1,6,0,6,0,1,31.365000000000002,28.187828,0.60125,10.791756999999999,1455,4232,5687
2012-07-01,3,1,7,0,0,0,1,33.449153,30.775789,0.51875,11.291443000000001,1421,4110,5531
2012-07-02,3,1,7,0,1,1,1,32.048347,28.783558000000003,0.447083,13.082889,904,5323,6227
2012-07-03,3,1,7,0,2,1,1,32.014153,28.80865,0.492083,8.457878999999998,1052,5608,6660
2012-07-04,3,1,7,1,3,0,1,32.355847,30.025817,0.53875,9.041649999999999,2562,4841,7403
2012-07-05,3,1,7,0,4,1,1,33.9275,31.216047,0.457917,12.999943,1405,4836,6241
2012-07-06,3,1,7,0,5,1,1,33.961653,30.853853,0.450833,9.791514,1366,4841,6207
2012-07-07,3,1,7,0,6,0,1,35.328347,33.001433,0.492083,10.958118,1448,3392,4840
2012-07-08,3,1,7,0,0,0,1,33.722500000000004,32.406236,0.57375,8.417143,1203,3469,4672
2012-07-09,3,1,7,0,1,1,2,29.144153000000003,26.816214000000002,0.683333,12.125325,998,5571,6569
2012-07-10,3,1,7,0,2,1,2,29.554153,27.256636000000004,0.6675,10.166379000000001,954,5336,6290
2012-07-11,3,1,7,0,3,1,1,29.383347,26.661111000000002,0.633333,10.166111,975,6289,7264
2012-07-12,3,1,7,0,4,1,1,29.349153,26.842003000000002,0.529583,9.833924999999999,1032,6414,7446
2012-07-13,3,1,7,0,5,1,2,29.998347,27.385253,0.485833,5.41695,1511,5988,7499
2012-07-14,3,1,7,0,6,0,2,28.836653,27.307722000000002,0.699167,9.626493,2355,4614,6969
2012-07-15,3,1,7,0,0,0,1,30.579152999999998,28.913036,0.717917,11.166689,1920,4111,6031
2012-07-16,3,1,7,0,1,1,1,31.296653000000003,29.689125,0.645,11.000529,1088,5742,6830
2012-07-17,3,1,7,0,2,1,1,33.551653,30.983003,0.505833,7.666743,921,5865,6786
2012-07-18,3,1,7,0,3,1,1,32.526652999999996,30.568903,0.577083,9.208614,799,4914,5713
2012-07-19,3,1,7,0,4,1,1,31.57,29.300322,0.600417,11.083743,888,5703,6591
2012-07-20,3,1,7,0,5,1,2,27.299153,25.134025,0.844167,14.000789000000001,747,5123,5870
2012-07-21,3,1,7,0,6,0,3,24.429153,22.546391999999997,0.865417,14.2911,1264,3195,4459
2012-07-22,3,1,7,0,0,0,2,27.3675,25.548125000000002,0.7625,6.2926936,2544,4866,7410
2012-07-23,3,1,7,0,1,1,1,30.408347,28.290696999999998,0.694167,9.291761,1135,5831,6966
2012-07-24,3,1,7,0,2,1,1,30.784153,28.96445,0.655,14.167418,1140,6452,7592
2012-07-25,3,1,7,0,3,1,1,29.690847,26.816214000000002,0.45,11.0416,1383,6790,8173
2012-07-26,3,1,7,0,4,1,1,31.843347,30.309783,0.596667,19.082470999999998,1036,5825,6861
2012-07-27,3,1,7,0,5,1,1,32.048347,30.102897,0.594583,10.250464,1259,5645,6904
2012-07-28,3,1,7,0,6,0,1,30.989152999999998,28.601764,0.613333,10.542449999999999,2234,4451,6685
2012-07-29,3,1,7,0,0,0,1,29.588347,27.385253,0.62375,11.416532,2153,4444,6597
2012-07-30,3,1,7,0,1,1,1,29.964153,28.084467,0.66875,10.292339,1040,6065,7105
2012-07-31,3,1,7,0,2,1,1,29.246653,27.178736,0.704167,11.083475,968,6248,7216
2012-08-01,3,1,8,0,3,1,1,29.4175,27.359628,0.6775,9.458993,1074,6506,7580
2012-08-02,3,1,8,0,4,1,1,30.8525,28.990608,0.659583,8.666718,983,6278,7261
2012-08-03,3,1,8,0,5,1,2,31.399153,29.637547,0.6425,14.458064,1328,5847,7175
2012-08-04,3,1,8,0,6,0,1,32.526652999999996,30.801947000000002,0.613333,17.249686,2345,4479,6824
2012-08-05,3,1,8,0,0,0,1,31.535847,29.974239,0.6525,19.458206999999998,1707,3757,5464
2012-08-06,3,1,8,0,1,1,2,30.8525,29.120086,0.654167,8.666718,1233,5780,7013
2012-08-07,3,1,8,0,2,1,2,30.169152999999998,28.602461,0.70375,7.8328359999999995,1278,5995,7273
2012-08-08,3,1,8,0,3,1,2,30.75,29.016397,0.672917,7.4169,1263,6271,7534
2012-08-09,3,1,8,0,4,1,1,30.989152999999998,28.679828,0.620417,10.458699999999999,1196,6090,7286
2012-08-10,3,1,8,0,5,1,2,29.349153,27.385622,0.715833,16.000471,1065,4721,5786
2012-08-11,3,1,8,0,6,0,2,28.392500000000002,26.168947000000003,0.732917,13.834093,2247,4052,6299
2012-08-12,3,1,8,0,0,0,1,28.734153000000003,26.427739,0.530417,8.208304,2182,4362,6544
2012-08-13,3,1,8,0,1,1,1,29.554153,27.152414,0.545417,9.126204,1207,5676,6883
2012-08-14,3,1,8,0,2,1,1,29.793346999999997,27.747939000000002,0.686667,11.333586,1128,5656,6784
2012-08-15,3,1,8,0,3,1,1,28.973347,26.815517,0.619583,11.374657000000001,1198,6149,7347
2012-08-16,3,1,8,0,4,1,1,29.485847,26.842208000000003,0.519167,9.500332,1338,6267,7605
2012-08-17,3,1,8,0,5,1,1,29.656653,9.9384,0.570833,15.500718,1483,5665,7148
2012-08-18,3,1,8,0,6,0,1,27.811653,25.340911000000002,0.603333,11.917089,2827,5038,7865
2012-08-19,3,1,8,0,0,0,2,26.069153,24.745714000000003,0.711667,5.79215,1208,3341,4549
2012-08-20,3,1,8,0,1,1,2,26.069153,24.434647000000002,0.734167,8.708593,1026,5504,6530
2012-08-21,3,1,8,0,2,1,1,26.615847000000002,24.642025,0.67375,4.8756436,1081,5925,7006
2012-08-22,3,1,8,0,3,1,1,27.3675,25.496014000000002,0.677083,4.708981100000001,1094,6281,7375
2012-08-23,3,1,8,0,4,1,1,28.529153,26.117328,0.635833,5.6679186,1363,6402,7765
2012-08-24,3,1,8,0,5,1,2,28.802500000000002,26.531100000000002,0.615,4.8337686,1325,6257,7582
2012-08-25,3,1,8,0,6,0,2,27.128347,25.366536,0.712917,16.375336,1829,4224,6053
2012-08-26,3,1,8,0,0,0,2,26.786653,24.435836,0.845833,15.333486,1483,3772,5255
2012-08-27,3,1,8,0,1,1,1,28.836653,26.842208000000003,0.730417,8.625110999999999,989,5928,6917
2012-08-28,3,1,8,0,2,1,1,29.861653,27.30805,0.62,12.791975,935,6105,7040
2012-08-29,3,1,8,0,3,1,1,28.085,26.065053,0.552083,7.541653999999999,1177,6520,7697
2012-08-30,3,1,8,0,4,1,1,28.973347,26.763939,0.590417,5.1668189,1172,6541,7713
2012-08-31,3,1,8,0,5,1,1,31.330847000000002,28.2654,0.5875,11.291711,1433,5917,7350
2012-09-01,3,1,9,0,6,0,2,30.886653000000003,28.808814,0.638333,7.5835289999999995,2352,3788,6140
2012-09-02,3,1,9,0,0,0,2,28.563347,26.609,0.815,4.2927436,2613,3197,5810
2012-09-03,3,1,9,1,1,0,1,29.0075,27.126789000000002,0.790833,10.125107,1965,4069,6034
2012-09-04,3,1,9,0,2,1,1,29.759152999999998,28.162408000000003,0.755,15.833507,867,5997,6864
2012-09-05,3,1,9,0,3,1,1,30.203346999999997,29.068303,0.74125,12.583136,832,6280,7112
2012-09-06,3,1,9,0,4,1,2,28.563347,26.868489000000004,0.810417,9.542207,611,5592,6203
2012-09-07,3,1,9,0,5,1,1,28.836653,26.945364,0.73625,11.500282,1045,6459,7504
2012-09-08,3,1,9,0,6,0,2,27.025847,25.055961,0.799167,18.833968000000002,1557,4419,5976
2012-09-09,3,1,9,0,0,0,1,25.009999999999998,23.735925,0.5475,15.041232,2570,5657,8227
2012-09-10,3,1,9,0,1,1,1,23.916653,23.191814,0.50375,17.333771000000002,1118,6407,7525
2012-09-11,3,1,9,0,2,1,1,23.677500000000002,22.725972,0.52,6.1676314,1070,6697,7767
2012-09-12,3,1,9,0,3,1,1,24.565847,23.373075,0.577083,8.833682,1050,6820,7870
2012-09-13,3,1,9,0,4,1,1,25.1125,23.761878,0.637083,5.5422936,1054,6750,7804
2012-09-14,3,1,9,0,5,1,1,25.966653,24.357403,0.6725,6.9588209999999995,1379,6630,8009
2012-09-15,3,1,9,0,6,0,1,24.941653000000002,24.020547,0.501667,16.583907,3160,5554,8714
2012-09-16,3,1,9,0,0,0,1,23.779999999999998,23.088124999999998,0.57,6.042281099999999,2166,5167,7333
2012-09-17,3,1,9,0,1,1,2,23.814153,22.675050000000002,0.734583,10.166713999999999,1022,5847,6869
2012-09-18,3,1,9,0,2,1,2,25.556653,23.167747,0.8725,23.958329,371,3702,4073
2012-09-19,3,1,9,0,3,1,1,22.6525,22.156564,0.536667,14.416725,788,6803,7591
2012-09-20,3,1,9,0,4,1,1,22.413347,21.819872,0.618333,7.917189,939,6781,7720
2012-09-21,3,1,9,0,5,1,1,24.565847,23.450811,0.66875,10.333343000000001,1250,6917,8167
2012-09-22,3,1,9,0,6,0,1,26.650000000000002,25.030008000000002,0.646667,19.000061,2512,5883,8395
2012-09-23,4,1,9,0,0,0,1,21.695847,21.276253,0.467083,14.958286000000001,2454,5453,7907
2012-09-24,4,1,9,0,1,1,1,21.080847000000002,20.603033,0.492917,9.541068000000001,1001,6435,7436
2012-09-25,4,1,9,0,2,1,1,22.55,22.311339,0.57,15.833507,845,6693,7538
2012-09-26,4,1,9,0,3,1,1,26.035,24.461132999999997,0.630833,16.3748,787,6946,7733
2012-09-27,4,1,9,0,4,1,2,26.650000000000002,24.926975000000002,0.690833,9.000914,751,6642,7393
2012-09-28,4,1,9,0,5,1,2,25.385847000000002,24.020383000000002,0.69,10.999993,1045,6370,7415
2012-09-29,4,1,9,0,6,0,1,22.2425,21.742136,0.542917,15.249468,2589,5966,8555
2012-09-30,4,1,9,0,0,0,1,21.593347,21.224183,0.583333,9.042186,2015,4874,6889
2012-10-01,4,1,10,0,1,1,2,21.354153,20.992,0.649167,6.0838814,763,6015,6778
2012-10-02,4,1,10,0,2,1,3,24.224153,22.235653,0.871667,6.9998249999999995,315,4324,4639
2012-10-03,4,1,10,0,3,1,2,26.9575,24.564453,0.79375,4.4585686,728,6844,7572
2012-10-04,4,1,10,0,4,1,2,26.9575,24.926975000000002,0.722917,7.875582,891,6437,7328
2012-10-05,4,1,10,0,5,1,1,25.215,23.787667,0.6275,7.12545,1516,6640,8156
2012-10-06,4,1,10,0,6,0,1,22.720847,22.079361000000002,0.664167,17.957675000000002,3031,4934,7965
2012-10-07,4,1,10,0,0,0,2,17.049153,17.212333,0.708333,9.457854000000001,781,2729,3510
2012-10-08,4,1,10,1,1,0,2,15.716652999999999,15.891928,0.709583,12.708492999999999,874,4604,5478
2012-10-09,4,1,10,0,2,1,2,18.313347,17.962592,0.761667,12.7501,601,5791,6392
2012-10-10,4,1,10,0,3,1,1,21.080847000000002,20.628822,0.630833,12.584007,780,6911,7691
2012-10-11,4,1,10,0,4,1,1,17.835,17.677847,0.463333,12.166932000000001,834,6736,7570
2012-10-12,4,1,10,0,5,1,1,17.9375,17.755910999999998,0.539167,15.751164,1060,6222,7282
2012-10-13,4,1,10,0,6,0,1,16.126653,16.047236,0.494583,9.791514,2252,4857,7109
2012-10-14,4,1,10,0,0,0,1,21.388347,20.836364,0.640417,18.667004000000002,2080,4559,6639
2012-10-15,4,1,10,0,1,1,2,23.028347,22.105150000000002,0.7075,19.834478999999998,760,5115,5875
2012-10-16,4,1,10,0,2,1,1,19.201653,18.894686,0.558333,12.208807,922,6612,7534
2012-10-17,4,1,10,0,3,1,1,18.689153,18.454428,0.692917,6.791857,979,6482,7461
2012-10-18,4,1,10,0,4,1,2,21.4225,21.017625,0.728333,15.874779,1008,6501,7509
2012-10-19,4,1,10,0,5,1,2,23.096653,22.053736,0.815,9.041917999999999,753,4671,5424
2012-10-20,4,1,10,0,6,0,1,19.850847,19.386522,0.572917,7.874979,2806,5284,8090
2012-10-21,4,1,10,0,0,0,1,19.030847,18.713589,0.51,11.125618000000001,2132,4692,6824
2012-10-22,4,1,10,0,1,1,1,19.9875,19.800622,0.568333,5.4593811,830,6228,7058
2012-10-23,4,1,10,0,2,1,1,22.310847,21.742464,0.641667,6.3345686,841,6625,7466
2012-10-24,4,1,10,0,3,1,1,24.087500000000002,22.907561,0.63625,4.8762064,795,6898,7693
2012-10-25,4,1,10,0,4,1,2,22.55,21.717208000000003,0.800417,8.333125,875,6484,7359
2012-10-26,4,1,10,0,5,1,2,22.379153000000002,21.432750000000002,0.807083,8.875289,1182,6262,7444
2012-10-27,4,1,10,0,6,0,2,21.73,21.120452999999998,0.72,15.791364000000002,2643,5209,7852
2012-10-28,4,1,10,0,0,0,2,19.5775,19.178611,0.694583,26.666535999999997,998,3461,4459
2012-10-29,4,1,10,0,1,1,3,18.04,18.0154,0.88,23.9994,2,20,22
2012-10-30,4,1,10,0,2,1,2,13.045462,12.706268999999999,0.825455,14.271603,87,1009,1096
2012-10-31,4,1,10,0,3,1,2,14.657499999999999,14.8051,0.666667,11.166689,419,5147,5566
2012-11-01,4,1,11,0,4,1,2,14.999153000000002,15.167622,0.581667,10.542182,466,5520,5986
2012-11-02,4,1,11,0,5,1,1,14.555,14.597722000000001,0.522083,17.833725,618,5229,5847
2012-11-03,4,1,11,0,6,0,2,14.076653,13.277686000000001,0.49125,18.125443,1029,4109,5138
2012-11-04,4,1,11,0,0,0,1,13.359153,13.511058,0.532917,12.000236,1201,3906,5107
2012-11-05,4,1,11,0,1,1,1,13.085847,12.631075,0.494167,15.833775000000001,378,4881,5259
2012-11-06,4,1,11,0,2,1,1,11.514153,11.544247,0.567083,11.625371,466,5220,5686
2012-11-07,4,1,11,0,3,1,2,12.129153,11.259461,0.5475,20.375236,326,4709,5035
2012-11-08,4,1,11,0,4,1,1,14.439134,14.017531,0.333478,23.304945,340,4975,5315
2012-11-09,4,1,11,0,5,1,1,14.828347,14.571933,0.540833,14.375386,709,5283,5992
2012-11-10,4,1,11,0,6,0,1,15.955846999999999,16.151417,0.645417,3.8756686,2090,4446,6536
2012-11-11,4,1,11,0,0,0,1,17.254153000000002,17.290233,0.659167,8.5425,2290,4562,6852
2012-11-12,4,1,11,1,1,0,1,19.884999999999998,19.490703,0.741667,11.625639,1097,5172,6269
2012-11-13,4,1,11,0,2,1,2,14.076653,13.252225,0.662917,22.917082,327,3767,4094
2012-11-14,4,1,11,0,3,1,1,11.855847,11.544083,0.552083,13.374875,373,5122,5495
2012-11-15,4,1,11,0,4,1,2,13.188346999999998,13.304172,0.620417,10.250129000000001,320,5125,5445
2012-11-16,4,1,11,0,5,1,1,14.145,14.235364,0.524583,11.458675000000001,484,5214,5698
2012-11-17,4,1,11,0,6,0,1,13.325000000000001,13.381703,0.545417,12.041843,1313,4316,5629
2012-11-18,4,1,11,0,0,0,1,14.0425,13.847586,0.692917,15.250004,922,3747,4669
2012-11-19,4,1,11,0,1,1,2,15.614152999999998,15.400461,0.623333,15.749489,449,5050,5499
2012-11-20,4,1,11,0,2,1,2,15.340847000000002,15.607346999999999,0.685,5.542575,534,5100,5634
2012-11-21,4,1,11,0,3,1,1,14.486653,14.960571999999999,0.61375,6.917482000000001,615,4531,5146
2012-11-22,4,1,11,1,4,0,1,13.940000000000001,14.365210999999999,0.580417,3.5423436,955,1470,2425
2012-11-23,4,1,11,0,5,1,1,15.101653,15.529938999999999,0.56875,9.917407,1603,2307,3910
2012-11-24,4,1,11,0,6,0,1,11.411653,10.198421999999999,0.404583,25.250357,532,1745,2277
2012-11-25,4,1,11,0,0,0,1,10.079153,10.560903,0.468333,10.083499999999999,309,2115,2424
2012-11-26,4,1,11,0,1,1,1,12.846652999999998,13.899164,0.535417,3.1255499999999996,337,4750,5087
2012-11-27,4,1,11,0,2,1,2,11.958347,11.543878,0.786667,15.916654,123,3836,3959
2012-11-28,4,1,11,0,3,1,1,12.163347,11.880242,0.50625,14.125007,198,5062,5260
2012-11-29,4,1,11,0,4,1,1,11.51567,12.235302,0.555652,7.739974,243,5080,5323
2012-11-30,4,1,11,0,5,1,1,12.231653000000001,13.278547000000001,0.649583,3.9175436,362,5306,5668
2012-12-01,4,1,12,0,6,0,2,12.231653000000001,12.993064,0.806667,4.0001814,951,4240,5191
2012-12-02,4,1,12,0,0,0,2,14.247499999999999,14.727528000000001,0.823333,8.333393000000001,892,3757,4649
2012-12-03,4,1,12,0,1,1,1,18.552500000000002,18.687635999999998,0.7675,5.5422936,555,5679,6234
2012-12-04,4,1,12,0,2,1,1,19.509153,19.231214,0.73375,11.666643,551,6055,6606
2012-12-05,4,1,12,0,3,1,1,17.971653,17.548492,0.485,21.709407,331,5398,5729
2012-12-06,4,1,12,0,4,1,1,10.489152999999998,10.586364,0.50875,11.708518,340,5035,5375
2012-12-07,4,1,12,0,5,1,2,13.154152999999999,13.200278,0.764167,8.7502,349,4659,5008
2012-12-08,4,1,12,0,6,0,2,15.648347,15.969828000000001,0.91125,6.792393,1153,4429,5582
2012-12-09,4,1,12,0,0,0,2,15.750846999999998,15.995986,0.905417,10.584325,441,2787,3228
2012-12-10,4,1,12,0,1,1,2,17.869153,17.858575,0.925,12.750636,329,4841,5170
2012-12-11,4,1,12,0,2,1,2,14.486653,13.872883000000002,0.596667,19.834478999999998,282,5219,5501
2012-12-12,4,1,12,0,3,1,2,12.1975,12.190858,0.538333,10.916779,310,5009,5319
2012-12-13,4,1,12,0,4,1,1,12.129153,12.061708,0.485833,11.666643,425,5107,5532
2012-12-14,4,1,12,0,5,1,1,11.548347,12.061872000000001,0.642917,8.792343,429,5182,5611
2012-12-15,4,1,12,0,6,0,1,13.290847,13.873702999999999,0.650417,7.12545,767,4280,5047
2012-12-16,4,1,12,0,0,0,2,14.862499999999999,15.167458,0.83875,6.749714,538,3248,3786
2012-12-17,4,1,12,0,1,1,2,16.126653,16.4615,0.907083,6.583306100000001,212,4373,4585
2012-12-18,4,1,12,0,2,1,1,16.844153,16.798028000000002,0.66625,14.834067999999998,433,5124,5557
2012-12-19,4,1,12,0,3,1,1,13.6325,14.028642000000001,0.625417,12.334164000000001,333,4934,5267
2012-12-20,4,1,12,0,4,1,2,13.530000000000001,13.743896999999999,0.667917,8.875021,314,3814,4128
2012-12-21,1,1,12,0,5,1,2,13.393346999999999,12.372447000000001,0.556667,25.083661000000003,221,3402,3623
2012-12-22,1,1,12,0,6,0,1,10.899153,9.680633,0.44125,27.292182,205,1544,1749
2012-12-23,1,1,12,0,0,0,1,10.079153,10.638311,0.515417,8.916561,408,1379,1787
2012-12-24,1,1,12,0,1,1,2,9.483464,10.6149,0.791304,5.1744368000000005,174,746,920
2012-12-25,1,1,12,1,2,0,2,11.943464,12.073065,0.734783,11.304642,440,573,1013
2012-12-26,1,1,12,0,3,1,3,9.976652999999999,9.033653,0.823333,21.208582,9,432,441
2012-12-27,1,1,12,0,4,1,2,10.420846999999998,9.292322,0.652917,23.458911,247,1867,2114
2012-12-28,1,1,12,0,5,1,2,10.386652999999999,10.456885999999999,0.59,10.416557,644,2451,3095
2012-12-29,1,1,12,0,6,0,2,10.386652999999999,9.9384,0.752917,8.333661,159,1182,1341
2012-12-30,1,1,12,0,0,0,1,10.489152999999998,9.499699999999999,0.483333,23.500518,364,1432,1796
2012-12-31,1,1,12,0,1,1,2,8.849153,9.162967,0.5775,10.374682,439,2290,2729
